Okonomiyaki, Takoyaki, Yakisoba
Pani Puri, Dahi Puri, Bhel Puri, Sev Puri, Papdi Chaat, Samosa Chaat, Gol Gappa, Aloo Tikki
Chana Chaat, Dahi Baray, Bhalla Papdi, Shakarpara
Okonomiyaki, Takoyaki, Yakisoba, Pani Puri, Dahi Puri
Bhel Puri, Sev Puri, Papdi Chaat, Samosa Chaat, Gol Gappa, Aloo Tikki
Dahi Baray, Bhalla Papdi, Shakarpara, Takoyaki, Yakisoba
Pani Puri, Dahi Puri, Bhel Puri, Sev Puri, Papdi Chaat, Samosa Chaat, Aloo Tikki
Chana Chaat, Bhalla Papdi, Shakarpara, Okonomiyaki, Yakisoba
Takoyaki, Sev Puri, Papdi Chaat, Samosa Chaat, Gol Gappa, Aloo Tikki, Chana Chaat
Dahi Baray, Bhalla Papdi, Shakarpara, Pani Puri, Dahi Puri, Bhel Puri
Okonomiyaki, Takoyaki, Yakisoba, Pani Puri, Dahi Puri, Bhel Puri, Sev Puri, Samosa Chaat
Gol Gappa, Aloo Tikki, Chana Chaat, Bhalla Papdi, Shakarpara, Okonomiyaki
Takoyaki, Yakisoba, Pani Puri, Dahi Puri, Sev Puri, Papdi Chaat, Samosa Chaat, Aloo Tikki, Chana Chaat
Bhel Puri, Dahi Baray, Bhalla Papdi, Shakarpara, Okonomiyaki, Takoyaki, Yakisoba
Pani Puri, Dahi Puri, Sev Puri, Papdi Chaat, Samosa Chaat, Aloo Tikki, Chana Chaat, Bhalla Papdi, Shakarpara
Okonomiyaki, Takoyaki, Yakisoba, Pani Puri, Dahi Puri, Bhel Puri, Sev Puri, Papdi Chaat, Samosa Chaat, Gol Gappa, Aloo Tikki, Chana Chaat, Dahi Baray, Bhalla Papdi, Shakarpara
Yakisoba, Bhel Puri, Dahi Baray, Shakarpara, Sev Puri, Papdi Chaat, Samosa Chaat, Aloo Tikki
Okonomiyaki, Takoyaki, Dahi Puri, Sev Puri, Papdi Chaat, Samosa Chaat, Gol Gappa, Aloo Tikki, Chana Chaat, Bhalla Papdi